{
  "type": "FeatureCollection",
  "mappers": [],
  "project": {
    "id": "7c33a001-bccb-413e-ac87-67558b5d4b07",
    "name": "New Project",
    "begin_date": "2017-01-01T07:00:00.000Z",
    "end_date": "2017-12-31T07:00:00.000Z",
    "cec_climate_zone": null,
    "climate_zone": "6A",
    "default_template": "90.1-2013",
    "import_surrounding_buildings_as_shading": null,
    "surface_elevation": null,
    "tariff_filename": null,
    "timesteps_per_hour": 1,
    "weather_filename": "USA_NY_Buffalo-Greater.Buffalo.Intl.AP.725280_TMY3.epw"
  },
  "scenarios": [
    {
      "feature_mappings": [],
      "id": "72301739-c6c3-4dd7-bf1a-f37c8eff40db",
      "name": "New Scenario"
    }
  ],
  "features": [
    {
      "type": "Feature",
      "properties": {
        "id": "53340c2c-ab20-40db-aba1-11ac607c52a7",
        "name": "Site Origin",
        "type": "Site Origin",
        "begin_date": "2017-01-01T07:00:00.000Z",
        "end_date": "2017-12-31T07:00:00.000Z",
        "cec_climate_zone": null,
        "climate_zone": "6A",
        "default_template": "90.1-2013",
        "import_surrounding_buildings_as_shading": null,
        "surface_elevation": null,
        "tariff_filename": null,
        "timesteps_per_hour": 1,
        "weather_filename": "USA_NY_Buffalo-Greater.Buffalo.Intl.AP.725280_TMY3.epw"
      },
      "geometry": {
        "type": "Point",
        "coordinates": [
          -78.84948467732347,
          42.81677154451123
        ]
      }
    },

    {
      "type": "Feature",
      "properties": {
        "id": "1",
        "name": "Mixed_use 1",
        "type": "Building",
        "building_type": "Mixed use",
        "floor_area": 752184,
        "footprint_area": 188046,
        "number_of_stories": 4,
        "mixed_type_1": "Office",
        "mixed_type_1_percentage": 50,
        "mixed_type_2": "Food service",
        "mixed_type_2_percentage": 50,
        "mixed_type_3": "Strip shopping mall",
        "mixed_type_3_percentage": 0,
        "mixed_type_4": "Lodging",
        "mixed_type_4_percentage": 0
      },
      "geometry": {
        "type": "Polygon",
        "coordinates": [
          [
            [
              -78.84650338745196,
              42.81331301863236
            ],
            [
              -78.84652443964629,
              42.81463974371101
            ],
            [
              -78.84680142363833,
              42.815293654042534
            ],
            [
              -78.84744455124724,
              42.81514110006128
            ],
            [
              -78.84728610028628,
              42.81478165791734
            ],
            [
              -78.84786797764677,
              42.814643631760134
            ],
            [
              -78.84721106637106,
              42.813153418927016
            ],
            [
              -78.84650338745196,
              42.81331301863236
            ]
          ]
        ]
      }
    },

    {
      "type": "Feature",
      "properties": {
        "id": "2",
        "name": "Restaurant 1",
        "type": "Building",
        "building_type": "Food service",
        "floor_area": 22313,
        "footprint_area": 22313,
        "number_of_stories": 1,
        "ev_charging": true,
        "ev_charging_behavior": "Business as Usual",
        "ev_percent": 100,
        "ev_curtailment_frac": 0.5
      },
      "geometry": {
        "type": "Polygon",
        "coordinates": [
          [
            [
              -78.8500120420453,
              42.81812185529549
            ],
            [
              -78.85038975191084,
              42.81803226424341
            ],
            [
              -78.850630729414,
              42.81857888627522
            ],
            [
              -78.85025301954843,
              42.81866847653532
            ],
            [
              -78.8500120420453,
              42.81812185529549
            ]
          ]
        ]
      }
    }

  ]
}
