<?xml version="1.0"?>
<measure>
  <schema_version>3.0</schema_version>
  <name>urban_opt_spaces</name>
  <uid>07a76483-233f-4be7-8f94-d1187bd3c34d</uid>
  <version_id>00383259-b9c0-4425-996a-838af1101c3c</version_id>
  <version_modified>20201201T164146Z</version_modified>
  <xml_checksum>D8922A73</xml_checksum>
  <class_name>UrbanOptSpaces</class_name>
  <display_name>UrbanOptSpaces</display_name>
  <description>Change UrbanOpt Space percentages</description>
  <modeler_description>Change UrbanOpt Space percentages</modeler_description>
  <arguments>
    <argument>
      <name>feature_file_name</name>
      <display_name>Feature File name</display_name>
      <description>This is the name of the Feature file to apply changes to. (no .json).</description>
      <type>String</type>
      <required>true</required>
      <model_dependent>false</model_dependent>
    </argument>
    <argument>
      <name>feature_id</name>
      <display_name>Feature ID</display_name>
      <description>This is the string for the Feature ID to apply changes to.</description>
      <type>String</type>
      <required>true</required>
      <model_dependent>false</model_dependent>
    </argument>
    <argument>
      <name>mixed_type_1_percentage</name>
      <display_name>mixed_type_1_percentage</display_name>
      <description>mixed_type_1_percentage</description>
      <type>Double</type>
      <required>true</required>
      <model_dependent>false</model_dependent>
    </argument>
    <argument>
      <name>mixed_type_2_percentage</name>
      <display_name>mixed_type_2_percentage</display_name>
      <description>mixed_type_2_percentage</description>
      <type>Double</type>
      <required>true</required>
      <model_dependent>false</model_dependent>
    </argument>
        <argument>
      <name>mixed_type_3_percentage</name>
      <display_name>mixed_type_3_percentage</display_name>
      <description>mixed_type_3_percentage</description>
      <type>Double</type>
      <required>true</required>
      <model_dependent>false</model_dependent>
    </argument>
  </arguments>
  <outputs />
  <provenances />
  <tags>
    <tag>Whole Building.Space Types</tag>
  </tags>
  <attributes>
    <attribute>
      <name>Measure Type</name>
      <value>ModelMeasure</value>
      <datatype>string</datatype>
    </attribute>
    <attribute>
      <name>Intended Software Tool</name>
      <value>Apply Measure Now</value>
      <datatype>string</datatype>
    </attribute>
    <attribute>
      <name>Intended Software Tool</name>
      <value>OpenStudio Application</value>
      <datatype>string</datatype>
    </attribute>
    <attribute>
      <name>Intended Software Tool</name>
      <value>Parametric Analysis Tool</value>
      <datatype>string</datatype>
    </attribute>
  </attributes>
  <files>
    <file>
      <version>
        <software_program>OpenStudio</software_program>
        <identifier>3.0.0</identifier>
        <min_compatible>3.0.0</min_compatible>
      </version>
      <filename>measure.rb</filename>
      <filetype>rb</filetype>
      <usage_type>script</usage_type>
      <checksum>F8FAE185</checksum>
    </file>
    <file>
      <filename>LICENSE.md</filename>
      <filetype>md</filetype>
      <usage_type>license</usage_type>
      <checksum>CD7F5672</checksum>
    </file>
    <file>
      <filename>README.md.erb</filename>
      <filetype>erb</filetype>
      <usage_type>readmeerb</usage_type>
      <checksum>703C9964</checksum>
    </file>
    <file>
      <filename>.gitkeep</filename>
      <filetype>gitkeep</filetype>
      <usage_type>doc</usage_type>
      <checksum>00000000</checksum>
    </file>
    <file>
      <filename>urban_opt_spaces_test.rb</filename>
      <filetype>rb</filetype>
      <usage_type>test</usage_type>
      <checksum>1FB37309</checksum>
    </file>
    <file>
      <filename>example_model.osm</filename>
      <filetype>osm</filetype>
      <usage_type>test</usage_type>
      <checksum>53D14E69</checksum>
    </file>
    <file>
      <filename>README.md</filename>
      <filetype>md</filetype>
      <usage_type>readme</usage_type>
      <checksum>B0ECAC84</checksum>
    </file>
  </files>
</measure>
